<?xml version="1.0" encoding="UTF-8"?>
<rss version="2.0" xmlns:atom="http://www.w3.org/2005/Atom">
  <channel>
    <title>HATCX - Linking humans to their health</title>
    <description>HATCX is an Omaha, NE  based technology solutions company, focusing on healthcare
</description>
    <link>hatcx.com/</link>
    <atom:link href="hatcx.com/feed.xml" rel="self" type="application/rss+xml"/>
    <pubDate>Tue, 22 Nov 2016 14:22:38 -0600</pubDate>
    <lastBuildDate>Tue, 22 Nov 2016 14:22:38 -0600</lastBuildDate>
    <generator>Jekyll v3.2.1</generator>
    
  </channel>
</rss>
